away_assist_percentage,away_assists,away_block_percentage,away_blocks,away_defensive_rating,away_defensive_rebound_percentage,away_defensive_rebounds,away_effective_field_goal_percentage,away_field_goal_attempts,away_field_goal_percentage,away_field_goals,away_free_throw_attempt_rate,away_free_throw_attempts,away_free_throw_percentage,away_free_throws,away_losses,away_minutes_played,away_offensive_rating,away_offensive_rebound_percentage,away_offensive_rebounds,away_personal_fouls,away_points,away_ranking,away_steal_percentage,away_steals,away_three_point_attempt_rate,away_three_point_field_goal_attempts,away_three_point_field_goal_percentage,away_three_point_field_goals,away_total_rebound_percentage,away_total_rebounds,away_true_shooting_percentage,away_turnover_percentage,away_turnovers,away_two_point_field_goal_attempts,away_two_point_field_goal_percentage,away_two_point_field_goals,away_win_percentage,away_wins,date,home_assist_percentage,home_assists,home_block_percentage,home_blocks,home_defensive_rating,home_defensive_rebound_percentage,home_defensive_rebounds,home_effective_field_goal_percentage,home_field_goal_attempts,home_field_goal_percentage,home_field_goals,home_free_throw_attempt_rate,home_free_throw_attempts,home_free_throw_percentage,home_free_throws,home_losses,home_minutes_played,home_offensive_rating,home_offensive_rebound_percentage,home_offensive_rebounds,home_personal_fouls,home_points,home_ranking,home_steal_percentage,home_steals,home_three_point_attempt_rate,home_three_point_field_goal_attempts,home_three_point_field_goal_percentage,home_three_point_field_goals,home_total_rebound_percentage,home_total_rebounds,home_true_shooting_percentage,home_turnover_percentage,home_turnovers,home_two_point_field_goal_attempts,home_two_point_field_goal_percentage,home_two_point_field_goals,home_win_percentage,home_wins,location,losing_abbr,losing_name,pace,winner,winning_abbr,winning_name
27.8,5,0.0,0,142.7,50.0,13,0.418,49,0.367,18,0.367,18,0.722,13,0,200,72.0,13.8,4,0,54,,2.7,2,0.245,12,0.417,5,30.9,17,0.469,27.9,22,37,0.351,13,0.0,0,"November 6, 2018",63.4,26,16.2,6,72.0,86.2,25,0.705,66,0.621,41,0.318,21,0.667,14,0,200,142.7,50.0,13,20,107,,17.3,13,0.348,23,0.478,11,69.1,38,0.704,12.8,11,43,0.698,30,1.0,1,"Moody Coliseum , Abilene, Texas","Arlington Baptist
			","Arlington Baptist
			",74.8,Home,ABILENE-CHRISTIAN,Abilene Christian
50.0,13,4.9,2,122.1,60.7,17,0.492,59,0.441,26,0.407,24,0.625,15,1,200,94.8,25.0,9,23,73,,7.8,6,0.288,17,0.353,6,40.6,26,0.518,18.7,16,42,0.476,20,0.0,0,"November 9, 2018",54.8,17,0.0,0,94.8,75.0,27,0.636,55,0.564,31,0.564,31,0.774,24,0,200,122.1,39.3,11,27,94,,10.4,8,0.255,14,0.571,8,59.4,38,0.674,20.8,18,41,0.561,23,1.0,2,"Moody Coliseum , Abilene, Texas",ARKANSAS-STATE,Arkansas State,77.1,Home,ABILENE-CHRISTIAN,Abilene Christian
72.7,16,13.9,5,100.0,70.0,21,0.551,49,0.449,22,0.327,16,0.813,13,0,200,109.8,18.5,5,15,67,,8.2,5,0.49,24,0.417,10,45.6,26,0.592,13.8,9,25,0.48,12,1.0,3,"November 15, 2018",44.0,11,16.0,4,109.8,81.5,22,0.578,51,0.49,25,0.216,11,0.182,2,2,200,100.0,30.0,9,18,61,,1.6,1,0.294,15,0.6,9,54.4,31,0.542,21.2,15,36,0.444,16,0.333,1,"Magness Arena, Denver, Colorado",DENVER,Denver,61.4,Away,ABILENE-CHRISTIAN,Abilene Christian
83.3,15,5.3,2,128.6,70.4,19,0.538,40,0.45,18,0.475,19,0.684,13,2,200,100.0,20.8,5,15,56,,5.4,3,0.5,20,0.35,7,47.1,24,0.571,18.5,11,20,0.55,11,0.5,2,"November 22, 2018",65.5,19,5.0,1,100.0,79.2,19,0.616,56,0.518,29,0.107,6,0.5,3,0,200,128.6,29.6,8,21,72,,7.1,4,0.321,18,0.611,11,52.9,27,0.612,9.3,6,38,0.474,18,1.0,4,"A.G. Spanos Center, Stockton, California",ELON,Elon,55.9,Home,ABILENE-CHRISTIAN,Abilene Christian
39.3,11,6.1,2,107.6,72.4,21,0.545,56,0.5,28,0.321,18,0.667,12,0,200,110.6,22.2,6,28,73,,6.1,4,0.268,15,0.333,5,48.2,27,0.565,12.3,9,41,0.561,23,1.0,5,"November 23, 2018",25.0,5,7.3,3,110.6,77.8,21,0.467,46,0.435,20,0.804,37,0.757,28,3,200,107.6,27.6,8,19,71,,9.1,6,0.283,13,0.231,3,51.8,29,0.558,12.6,9,33,0.515,17,0.571,4,"A.G. Spanos Center, Stockton, California",PACIFIC,Pacific,66.1,Away,ABILENE-CHRISTIAN,Abilene Christian
50.0,11,3.1,1,84.2,66.7,18,0.453,53,0.415,22,0.358,19,0.632,12,0,200,105.3,41.2,14,15,60,,10.5,6,0.189,10,0.4,4,52.5,32,0.484,8.9,6,43,0.419,18,1.0,6,"November 24, 2018",33.3,6,4.7,2,105.3,58.8,20,0.424,46,0.391,18,0.326,15,0.6,9,5,200,84.2,33.3,9,20,48,,3.5,2,0.304,14,0.214,3,47.5,29,0.452,22.2,15,32,0.469,15,0.286,2,"A.G. Spanos Center, Stockton, California",CALIFORNIA-RIVERSIDE,UC-Riverside,56.6,Away,ABILENE-CHRISTIAN,Abilene Christian
52.6,10,2.4,1,120.0,61.5,16,0.524,42,0.452,19,0.381,16,0.563,9,0,200,70.7,18.2,4,13,53,,10.7,8,0.333,14,0.429,6,41.7,20,0.534,36.3,28,28,0.464,13,0.0,0,"November 27, 2018",56.8,21,10.7,3,70.7,81.8,18,0.656,61,0.607,37,0.295,18,0.556,10,0,200,120.0,38.5,10,15,90,,25.3,19,0.328,20,0.3,6,58.3,28,0.647,18.8,16,41,0.756,31,1.0,7,"Moody Coliseum , Abilene, Texas","Howard Payne
			","Howard Payne
			",74.6,Home,ABILENE-CHRISTIAN,Abilene Christian
52.0,13,3.6,1,108.5,80.8,21,0.435,62,0.403,25,0.21,13,0.615,8,1,200,87.3,22.2,8,24,62,,12.7,9,0.29,18,0.222,4,46.8,29,0.455,14.0,11,44,0.477,21,0.875,7,"December 1, 2018",72.7,16,4.5,2,87.3,77.8,28,0.565,46,0.478,22,0.652,30,0.833,25,2,200,108.5,19.2,5,16,77,,8.5,6,0.391,18,0.444,8,53.2,33,0.639,20.2,15,28,0.5,14,0.714,5,"Firestone Fieldhouse, Malibu, California",ABILENE-CHRISTIAN,Abilene Christian,70.7,Home,PEPPERDINE,Pepperdine
27.3,6,5.9,2,120.3,87.5,21,0.522,45,0.489,22,0.622,28,0.75,21,4,200,98.6,37.5,9,19,68,,5.8,4,0.311,14,0.214,3,62.5,30,0.583,27.7,22,31,0.613,19,0.5,4,"December 4, 2018",40.7,11,0.0,0,98.6,62.5,15,0.635,48,0.563,27,0.542,26,0.846,22,1,200,120.3,12.5,3,23,83,,20.3,14,0.292,14,0.5,7,37.5,18,0.688,14.4,10,34,0.588,20,0.889,8,"Moody Coliseum , Abilene, Texas",CAMPBELL,Campbell,69.3,Home,ABILENE-CHRISTIAN,Abilene Christian
26.3,5,2.9,1,131.0,52.4,11,0.413,52,0.365,19,0.269,14,0.714,10,0,200,74.6,31.3,10,23,53,,8.5,6,0.365,19,0.263,5,39.6,21,0.452,25.6,20,33,0.424,14,0.0,0,"December 8, 2018",68.8,22,12.1,4,74.6,68.8,22,0.682,55,0.582,32,0.436,24,0.75,18,1,200,131.0,47.6,10,20,93,,14.1,10,0.382,21,0.524,11,60.4,32,0.7,20.6,17,34,0.618,21,0.9,9,"Moody Coliseum , Abilene, Texas","Schreiner
			","Schreiner
			",71.0,Home,ABILENE-CHRISTIAN,Abilene Christian
60.0,9,9.4,3,124.2,77.3,17,0.33,53,0.283,15,0.415,22,0.591,13,2,200,72.7,20.5,8,25,48,,6.1,4,0.396,21,0.238,5,41.0,25,0.378,10.0,7,32,0.313,10,0.818,9,"December 15, 2018",46.7,14,6.3,2,72.7,79.5,31,0.62,54,0.556,30,0.389,21,0.714,15,0,200,124.2,22.7,5,21,82,11,7.6,5,0.407,22,0.318,7,59.0,36,0.641,13.7,10,32,0.719,23,1.0,10,"Lubbock Municipal Coliseum, Lubbock, Texas",ABILENE-CHRISTIAN,Abilene Christian,65.7,Home,TEXAS-TECH,Texas Tech
52.2,12,20.0,5,90.7,95.8,23,0.5,50,0.46,23,0.56,28,0.714,20,2,200,93.3,16.7,5,16,70,,12.0,9,0.3,15,0.267,4,51.9,28,0.553,18.3,14,35,0.543,19,0.833,10,"December 21, 2018",58.3,14,8.6,3,93.3,83.3,25,0.602,49,0.49,24,0.265,13,0.692,9,8,200,90.7,4.2,1,27,68,,5.3,4,0.49,24,0.458,11,48.1,26,0.616,29.6,23,25,0.52,13,0.385,5,"Show Me Center, Cape Girardeau, Missouri",SOUTHEAST-MISSOURI-STATE,Southeast Missouri State,74.7,Away,ABILENE-CHRISTIAN,Abilene Christian
26.7,4,6.1,3,120.5,45.0,18,0.318,55,0.273,15,0.109,6,0.833,5,0,200,54.8,18.4,7,16,40,,13.7,10,0.418,23,0.217,5,32.1,25,0.346,27.6,22,32,0.313,10,0.0,0,"December 29, 2018",62.9,22,9.4,3,54.8,81.6,31,0.527,74,0.473,35,0.216,16,0.625,10,2,200,120.5,55.0,22,9,88,,19.2,14,0.338,25,0.32,8,67.9,53,0.539,14.7,14,49,0.551,27,0.846,11,"Moody Coliseum , Abilene, Texas","McMurry
			","McMurry
			",73.2,Home,ABILENE-CHRISTIAN,Abilene Christian
42.9,9,2.8,1,95.8,66.7,18,0.412,51,0.412,21,0.529,27,0.593,16,7,200,81.7,28.1,9,20,58,,11.3,8,0.157,8,0.0,0,45.8,27,0.454,23.2,19,43,0.488,21,0.417,5,"January 2, 2019",50.0,12,9.3,4,81.7,71.9,23,0.528,53,0.453,24,0.302,16,0.75,12,2,200,95.8,33.3,9,20,68,,15.5,11,0.321,17,0.471,8,54.2,32,0.561,22.1,17,36,0.444,16,0.857,12,"Moody Coliseum , Abilene, Texas",NEW-ORLEANS,New Orleans,71.2,Home,ABILENE-CHRISTIAN,Abilene Christian
63.6,14,6.1,2,106.0,75.0,18,0.54,50,0.44,22,0.32,16,0.875,14,3,200,101.5,34.6,9,17,68,,16.4,11,0.28,14,0.714,10,54.0,27,0.59,24.0,18,36,0.333,12,0.8,12,"January 5, 2019",51.9,14,13.9,5,101.5,65.4,17,0.633,49,0.551,27,0.265,13,0.692,9,8,200,106.0,25.0,6,14,71,,14.9,10,0.327,16,0.5,8,46.0,23,0.643,24.8,18,33,0.576,19,0.429,6,"Johnson Coliseum, Huntsville, Texas",ABILENE-CHRISTIAN,Abilene Christian,66.9,Home,SAM-HOUSTON-STATE,Sam Houston State
84.6,22,5.3,2,114.3,82.1,23,0.596,52,0.5,26,0.365,19,0.579,11,3,200,115.9,20.0,6,16,73,,4.8,3,0.423,22,0.455,10,50.0,29,0.598,10.4,7,30,0.533,16,0.812,13,"January 9, 2019",80.0,20,13.3,4,115.9,80.0,24,0.547,53,0.472,25,0.358,19,0.737,14,11,200,114.3,17.9,5,15,72,,7.9,5,0.283,15,0.533,8,50.0,29,0.58,8.9,6,38,0.447,17,0.312,5,"H&HP Complex,",MCNEESE-STATE,McNeese State,62.5,Away,ABILENE-CHRISTIAN,Abilene Christian
37.0,10,7.1,3,107.5,63.0,17,0.536,56,0.482,27,0.357,20,0.75,15,3,200,111.9,25.8,8,26,75,,10.4,7,0.232,13,0.462,6,43.1,25,0.573,11.0,8,43,0.488,21,0.824,14,"January 12, 2019",36.8,7,11.6,5,111.9,74.2,23,0.41,50,0.38,19,0.66,33,0.939,31,12,200,107.5,37.0,10,17,72,,4.5,3,0.16,8,0.375,3,56.9,33,0.548,16.8,13,42,0.381,16,0.25,4,"University Center, Hammond, Louisiana",SOUTHEASTERN-LOUISIANA,Southeastern Louisiana,67.1,Away,ABILENE-CHRISTIAN,Abilene Christian
56.0,14,2.6,1,107.1,67.7,21,0.56,50,0.5,25,0.34,17,0.706,12,10,200,97.1,32.0,8,18,68,,8.6,6,0.28,14,0.429,6,51.8,29,0.585,25.8,20,36,0.528,19,0.333,5,"January 16, 2019",64.3,18,5.6,2,97.1,68.0,17,0.534,58,0.483,28,0.362,21,0.619,13,3,200,107.1,32.3,10,18,75,,14.3,10,0.345,20,0.3,6,48.2,27,0.552,15.1,12,38,0.579,22,0.833,15,"Moody Coliseum , Abilene, Texas",HOUSTON-BAPTIST,Houston Baptist,70.0,Home,ABILENE-CHRISTIAN,Abilene Christian
52.2,12,9.8,4,109.9,72.7,24,0.448,58,0.397,23,0.397,23,0.739,17,11,200,97.2,26.3,10,17,69,,14.1,10,0.414,24,0.25,6,47.9,34,0.501,13.9,11,34,0.5,17,0.389,7,"January 19, 2019",64.3,18,14.7,5,97.2,73.7,28,0.525,61,0.459,28,0.328,20,0.7,14,3,200,109.9,27.3,9,18,78,,4.2,3,0.328,20,0.4,8,52.1,37,0.553,13.6,11,41,0.488,20,0.842,16,"Moody Coliseum , Abilene, Texas",NORTHWESTERN-STATE,Northwestern State,71.2,Home,ABILENE-CHRISTIAN,Abilene Christian
52.2,12,11.4,4,84.7,72.4,21,0.5,52,0.442,23,0.192,10,0.8,8,4,200,83.3,30.0,9,15,60,,15.3,11,0.327,17,0.353,6,50.8,30,0.529,29.9,24,35,0.486,17,0.8,16,"January 23, 2019",43.5,10,2.9,1,83.3,70.0,21,0.491,54,0.426,23,0.204,11,0.727,8,8,200,84.7,27.6,8,14,61,,16.7,12,0.352,19,0.368,7,49.2,29,0.515,26.3,21,35,0.457,16,0.556,10,"William Johnson Coliseum, Nacogdoches, Texas",ABILENE-CHRISTIAN,Abilene Christian,72.0,Home,STEPHEN-F-AUSTIN,Stephen F. Austin
46.7,7,7.5,3,105.3,69.7,23,0.34,50,0.3,15,0.6,30,0.733,22,11,200,74.7,24.2,8,16,56,,9.3,7,0.4,20,0.2,4,47.0,31,0.436,24.0,20,30,0.367,11,0.476,10,"January 26, 2019",64.3,18,20.0,6,74.7,75.8,25,0.517,60,0.467,28,0.4,24,0.708,17,4,200,105.3,30.3,10,21,79,,13.3,10,0.333,20,0.3,6,53.0,35,0.553,14.5,12,40,0.55,22,0.81,17,"Moody Coliseum , Abilene, Texas",CENTRAL-ARKANSAS,Central Arkansas,74.8,Home,ABILENE-CHRISTIAN,Abilene Christian
36.0,9,11.4,4,111.4,62.2,23,0.565,46,0.543,25,0.522,24,0.792,19,11,200,101.4,21.7,5,18,71,,11.4,8,0.217,10,0.2,2,46.7,28,0.618,25.1,19,36,0.639,23,0.45,9,"January 30, 2019",68.0,17,8.3,3,101.4,78.3,18,0.525,59,0.424,25,0.356,21,0.762,16,4,200,111.4,37.8,14,22,78,,17.1,12,0.407,24,0.5,12,53.3,32,0.565,17.0,14,35,0.371,13,0.818,18,"Moody Coliseum , Abilene, Texas",TEXAS-AM-CORPUS-CHRISTI,Texas A&M-Corpus Christi,70.2,Home,ABILENE-CHRISTIAN,Abilene Christian
56.0,14,6.8,3,87.7,58.5,24,0.466,59,0.424,25,0.441,26,0.769,20,4,200,102.7,25.0,9,25,75,,9.6,7,0.254,15,0.333,5,42.9,33,0.526,12.4,10,44,0.455,20,0.826,19,"February 6, 2019",45.0,9,9.1,4,102.7,75.0,27,0.352,61,0.328,20,0.475,29,0.724,21,12,200,87.7,41.5,17,22,64,,2.7,2,0.279,17,0.176,3,57.1,44,0.428,16.9,15,44,0.386,17,0.478,11,"Montagne Center, Beaumont, Texas",LAMAR,Lamar,72.6,Away,ABILENE-CHRISTIAN,Abilene Christian
35.5,11,7.5,3,102.4,84.6,22,0.576,59,0.525,31,0.424,25,0.88,22,8,250,108.4,28.6,8,22,90,,12.0,10,0.373,22,0.273,6,55.6,30,0.635,21.3,19,37,0.676,25,0.667,16,"February 9, 2019",34.4,11,2.7,1,108.4,71.4,20,0.612,58,0.552,32,0.345,20,0.7,14,5,250,102.4,15.4,4,23,85,,7.2,6,0.31,18,0.389,7,44.4,24,0.63,23.0,20,40,0.625,25,0.792,19,"Moody Coliseum , Abilene, Texas",ABILENE-CHRISTIAN,Abilene Christian,66.2,Away,SAM-HOUSTON-STATE,Sam Houston State
62.5,15,9.4,3,71.6,88.6,31,0.433,60,0.4,24,0.233,14,0.857,12,5,200,95.5,18.8,6,12,64,,10.4,7,0.317,19,0.211,4,55.2,37,0.48,9.6,7,41,0.488,20,0.8,20,"February 13, 2019",43.8,7,7.3,3,95.5,81.3,26,0.343,54,0.296,16,0.241,13,0.846,11,13,200,71.6,11.4,4,14,48,,6.0,4,0.407,22,0.227,5,44.8,30,0.399,14.3,10,32,0.344,11,0.458,11,"David Stopher Gymnasium, Thibodaux, Louisiana",NICHOLLS-STATE,Nicholls State,66.9,Away,ABILENE-CHRISTIAN,Abilene Christian
61.5,16,10.7,3,76.2,90.0,18,0.567,52,0.5,26,0.231,12,0.75,9,5,200,107.9,28.0,7,18,68,,14.3,9,0.442,23,0.304,7,55.6,25,0.589,17.3,12,29,0.655,19,0.808,21,"February 16, 2019",47.1,8,10.3,3,107.9,72.0,18,0.463,41,0.415,17,0.293,12,0.833,10,19,200,76.2,10.0,2,18,48,,6.3,4,0.317,13,0.308,4,44.4,20,0.514,29.1,19,28,0.464,13,0.24,6,"McDermott Center, San Antonio, Texas",INCARNATE-WORD,Incarnate Word,63.2,Away,ABILENE-CHRISTIAN,Abilene Christian
60.0,15,3.3,1,103.1,73.5,25,0.537,54,0.463,25,0.426,23,0.739,17,14,200,117.2,53.6,15,18,75,,10.9,7,0.389,21,0.381,8,64.5,40,0.578,17.9,14,33,0.515,17,0.5,14,"February 23, 2019",61.9,13,12.1,4,117.2,46.4,13,0.463,54,0.389,21,0.389,21,0.762,16,6,200,103.1,26.5,9,21,66,,10.9,7,0.444,24,0.333,8,35.5,22,0.516,12.5,9,30,0.433,13,0.778,21,"Moody Coliseum , Abilene, Texas",ABILENE-CHRISTIAN,Abilene Christian,64.0,Away,SOUTHEASTERN-LOUISIANA,Southeastern Louisiana
68.2,15,0.0,0,97.0,65.6,21,0.481,54,0.407,22,0.574,31,0.677,21,6,200,110.6,30.3,10,16,73,,16.7,11,0.463,25,0.32,8,47.7,31,0.531,9.4,7,29,0.483,14,0.786,22,"February 27, 2019",50.0,13,10.3,3,110.6,69.7,23,0.518,56,0.464,26,0.25,14,0.429,6,17,200,97.0,34.4,11,20,64,,4.5,3,0.339,19,0.316,6,52.3,34,0.511,19.4,15,37,0.541,20,0.393,11,"American Bank Center, Corpus Christi, Texas",TEXAS-AM-CORPUS-CHRISTI,Texas A&M-Corpus Christi,66.2,Away,ABILENE-CHRISTIAN,Abilene Christian
66.7,18,0.0,0,83.3,73.7,28,0.533,60,0.45,27,0.05,3,1.0,3,6,200,101.5,13.8,4,13,67,,12.1,8,0.4,24,0.417,10,47.8,32,0.545,12.8,9,36,0.472,17,0.793,23,"March 2, 2019",69.6,16,19.4,7,101.5,86.2,25,0.449,59,0.39,23,0.119,7,0.286,2,18,200,83.3,26.3,10,8,55,,6.1,4,0.322,19,0.368,7,52.2,35,0.441,17.3,13,40,0.4,16,0.379,11,"Jeff Farris Center, Conway, Arkansas",CENTRAL-ARKANSAS,Central Arkansas,65.9,Away,ABILENE-CHRISTIAN,Abilene Christian
27.3,6,10.3,3,110.8,71.0,22,0.439,57,0.386,22,0.193,11,0.727,8,15,200,89.2,20.6,7,22,58,,4.6,3,0.316,18,0.333,6,44.6,29,0.466,13.9,10,39,0.41,16,0.483,14,"March 5, 2019",75.0,18,12.8,5,89.2,79.4,27,0.509,55,0.436,24,0.418,23,0.696,16,6,200,110.8,29.0,9,14,72,,7.7,5,0.473,26,0.308,8,55.4,36,0.546,10.9,8,29,0.552,16,0.8,24,"Moody Coliseum , Abilene, Texas",STEPHEN-F-AUSTIN,Stephen F. Austin,65.1,Home,ABILENE-CHRISTIAN,Abilene Christian
45.0,9,6.1,2,128.6,64.3,18,0.533,46,0.435,20,0.087,4,0.75,3,25,200,82.5,8.0,2,13,52,,9.5,6,0.457,21,0.429,9,37.7,20,0.543,26.3,17,25,0.44,11,0.194,6,"March 9, 2019",65.5,19,4.0,1,82.5,92.0,23,0.593,59,0.492,29,0.254,15,0.733,11,6,200,128.6,35.7,10,11,81,,14.3,9,0.441,26,0.462,12,62.3,33,0.612,9.6,7,33,0.515,17,0.806,25,"Moody Coliseum , Abilene, Texas",INCARNATE-WORD,Incarnate Word,63.0,Home,ABILENE-CHRISTIAN,Abilene Christian
43.5,10,12.9,4,101.5,73.5,25,0.543,47,0.489,23,0.447,21,0.714,15,16,200,97.1,21.4,6,22,66,,8.8,6,0.362,17,0.294,5,50.0,31,0.579,23.2,17,30,0.6,18,0.515,17,"March 15, 2019",55.0,11,10.0,3,97.1,78.6,22,0.461,51,0.392,20,0.549,28,0.786,22,6,200,101.5,26.5,9,22,69,,13.2,9,0.392,20,0.35,7,50.0,31,0.537,17.0,13,31,0.419,13,0.812,26,"Leonard E. Merrell Center, Katy, Texas",SOUTHEASTERN-LOUISIANA,Southeastern Louisiana,68.1,Home,ABILENE-CHRISTIAN,Abilene Christian
61.9,13,6.7,3,108.5,75.0,18,0.462,52,0.404,21,0.308,16,0.75,12,13,200,84.5,20.7,6,15,60,,7.0,5,0.308,16,0.375,6,45.3,24,0.503,24.3,19,36,0.417,15,0.594,19,"March 16, 2019",46.9,15,5.6,2,84.5,79.3,23,0.596,57,0.561,32,0.246,14,0.643,9,6,200,108.5,25.0,6,13,77,,18.3,13,0.211,12,0.333,4,54.7,29,0.605,16.0,12,45,0.622,28,0.818,27,"Leonard E. Merrell Center, Katy, Texas",NEW-ORLEANS,New Orleans,71.1,Home,ABILENE-CHRISTIAN,Abilene Christian
52.9,9,7.1,3,125.4,50.0,14,0.368,53,0.321,17,0.189,10,0.5,5,7,200,69.8,9.1,3,16,44,15,14.3,9,0.434,23,0.217,5,27.9,17,0.381,13.6,9,30,0.4,12,0.794,27,"March 21, 2019",33.3,10,3.3,1,69.8,90.9,30,0.571,56,0.536,30,0.339,19,0.789,15,6,200,125.4,50.0,14,18,79,2,7.9,5,0.25,14,0.286,4,72.1,44,0.607,15.7,12,42,0.619,26,0.824,28,"Jacksonville Veteran's Memorial Arena, Jacksonville, Florida",ABILENE-CHRISTIAN,Abilene Christian,63.4,Home,KENTUCKY,Kentucky
29.2,7,6.7,3,126.8,56.0,14,0.466,59,0.407,24,0.288,17,0.588,10,0,200,91.5,18.9,7,17,65,,14.1,10,0.39,23,0.304,7,33.9,21,0.485,11.9,9,36,0.472,17,0.0,0,"November 6, 2018",62.9,22,2.8,1,91.5,81.1,30,0.648,61,0.574,35,0.295,18,0.611,11,0,200,126.8,44.0,11,17,90,,7.0,5,0.262,16,0.563,9,66.1,41,0.647,16.9,14,45,0.578,26,1.0,1,"Clune Arena , Colorado Springs, Colorado","Johnson &amp; Wales
			","Johnson &amp; Wales
			",70.8,Home,AIR-FORCE,Air Force
73.7,14,5.9,2,104.7,86.7,26,0.5,46,0.413,19,0.326,15,0.733,11,1,200,89.1,17.2,5,21,57,,3.1,2,0.565,26,0.308,8,52.5,31,0.536,23.3,16,20,0.55,11,0.5,1,"November 9, 2018",79.2,19,20.0,4,89.1,82.8,24,0.549,51,0.471,24,0.353,18,0.611,11,0,200,104.7,13.3,4,19,67,,14.1,9,0.333,17,0.471,8,47.5,28,0.563,12.0,8,34,0.471,16,1.0,1,"Strahan Coliseum, San Marcos, Texas",AIR-FORCE,Air Force,63.8,Home,TEXAS-STATE,Texas State
38.5,10,6.7,2,89.5,81.6,31,0.452,63,0.413,26,0.333,21,0.714,15,2,250,83.7,14.7,5,23,72,,5.8,5,0.413,26,0.192,5,50.0,36,0.493,21.7,20,37,0.568,21,0.333,1,"November 16, 2018",48.0,12,2.7,1,83.7,85.3,29,0.476,62,0.403,25,0.468,29,0.621,18,1,250,89.5,18.4,7,18,77,,11.6,10,0.516,32,0.281,9,50.0,36,0.508,17.6,16,30,0.533,16,0.75,3,"Gateway Christian Academy,",AIR-FORCE,Air Force,69.1,Home,MARYLAND-BALTIMORE-COUNTY,UMBC
33.3,8,14.3,5,91.2,87.5,28,0.667,39,0.615,24,0.538,21,0.619,13,2,200,95.6,17.6,3,21,65,,5.9,4,0.256,10,0.4,4,63.3,31,0.664,31.3,22,29,0.69,20,0.5,2,"November 18, 2018",52.4,11,3.4,1,95.6,82.4,14,0.438,56,0.375,21,0.304,17,0.765,13,2,200,91.2,12.5,4,21,62,,16.2,11,0.375,21,0.333,7,36.7,18,0.484,11.2,8,35,0.4,14,0.5,2,"Gateway Christian Academy,",SOUTH-DAKOTA,South Dakota,68.0,Away,AIR-FORCE,Air Force
36.0,9,3.2,1,98.4,66.7,22,0.509,55,0.455,25,0.327,18,0.722,13,3,200,109.5,40.0,12,16,69,,9.5,6,0.309,17,0.353,6,54.0,34,0.543,13.7,10,38,0.5,19,0.4,2,"November 19, 2018",54.5,12,5.3,2,109.5,60.0,18,0.455,55,0.4,22,0.291,16,0.75,12,3,200,98.4,33.3,11,20,62,,3.2,2,0.436,24,0.25,6,46.0,29,0.495,16.2,12,31,0.516,16,0.4,2,"Gateway Christian Academy,",AIR-FORCE,Air Force,62.6,Away,HIGH-POINT,High Point
52.9,18,7.3,3,74.7,87.8,36,0.707,58,0.586,34,0.31,18,0.611,11,1,200,124.0,26.1,6,21,93,,10.7,8,0.5,29,0.483,14,65.6,42,0.699,18.5,15,29,0.69,20,0.75,3,"November 24, 2018",15.0,3,3.4,1,124.0,73.9,17,0.38,54,0.37,20,0.519,28,0.536,15,4,200,74.7,12.2,5,17,56,,8.0,6,0.241,13,0.077,1,34.4,22,0.416,15.3,12,41,0.463,19,0.333,2,"Clune Arena , Colorado Springs, Colorado",AIR-FORCE,Air Force,74.9,Away,COLORADO,Colorado
52.2,12,16.0,4,131.3,72.7,16,0.531,48,0.479,23,0.479,23,0.783,18,4,200,103.0,22.2,6,17,69,,10.4,7,0.354,17,0.294,5,44.9,22,0.585,20.5,15,31,0.581,18,0.429,3,"November 28, 2018",74.2,23,0.0,0,103.0,77.8,21,0.745,53,0.585,31,0.208,11,0.818,9,4,200,131.3,27.3,6,19,88,,7.5,5,0.528,28,0.607,17,55.1,27,0.756,19.5,14,25,0.56,14,0.429,3,"Clune Arena , Colorado Springs, Colorado",MISSOURI-STATE,Missouri State,67.1,Home,AIR-FORCE,Air Force
50.0,13,0.0,0,130.2,69.0,20,0.602,49,0.531,26,0.265,13,0.769,10,5,200,109.5,16.7,4,16,69,,4.8,3,0.469,23,0.304,7,45.3,24,0.625,15.5,10,26,0.731,19,0.375,3,"December 1, 2018",46.4,13,11.5,3,109.5,83.3,20,0.623,53,0.528,28,0.377,20,0.8,16,4,200,130.2,31.0,9,18,82,,12.7,8,0.415,22,0.455,10,54.7,29,0.656,16.3,12,31,0.581,18,0.6,6,"A.G. Spanos Center, Stockton, California",AIR-FORCE,Air Force,63.3,Home,PACIFIC,Pacific
69.6,16,0.0,0,107.4,81.5,22,0.483,59,0.39,23,0.22,13,0.615,8,7,200,95.6,31.6,12,22,65,,5.9,4,0.458,27,0.407,11,52.3,34,0.499,18.8,15,32,0.375,12,0.222,2,"December 5, 2018",75.0,18,9.4,3,95.6,68.4,26,0.55,50,0.48,24,0.42,21,0.857,18,5,200,107.4,18.5,5,16,73,,10.3,7,0.52,26,0.269,7,47.7,31,0.609,16.8,12,24,0.708,17,0.444,4,"Clune Arena , Colorado Springs, Colorado",DENVER,Denver,67.6,Home,AIR-FORCE,Air Force
47.8,11,14.3,4,83.6,83.9,26,0.427,62,0.371,23,0.355,22,0.591,13,6,200,90.4,12.8,5,21,66,,13.7,10,0.5,31,0.226,7,44.3,31,0.455,7.7,6,31,0.516,16,0.455,5,"December 8, 2018",66.7,14,12.9,4,90.4,87.2,34,0.521,48,0.438,21,0.5,24,0.458,11,6,200,83.6,16.1,5,18,61,,5.5,4,0.417,20,0.4,8,55.7,39,0.513,24.5,19,28,0.464,13,0.4,4,"Clune Arena , Colorado Springs, Colorado",AIR-FORCE,Air Force,73.4,Away,ARMY,Army
38.1,8,3.6,1,109.2,65.6,21,0.489,45,0.467,21,0.267,12,0.5,6,7,200,76.9,13.6,3,15,50,,6.2,4,0.244,11,0.182,2,44.4,24,0.493,26.4,18,34,0.559,19,0.364,4,"December 22, 2018",53.6,15,14.7,5,76.9,86.4,19,0.55,60,0.467,28,0.117,7,0.714,5,0,200,109.2,34.4,11,14,71,4,13.8,9,0.533,32,0.313,10,55.6,30,0.561,14.8,11,28,0.643,18,1.0,12,"Crisler Arena, Ann Arbor, Michigan",AIR-FORCE,Air Force,64.5,Home,MICHIGAN,Michigan
45.5,10,3.4,1,112.5,71.4,15,0.51,52,0.423,22,0.192,10,0.7,7,9,200,93.8,14.3,4,16,60,,9.4,6,0.462,24,0.375,9,38.8,19,0.529,17.5,12,28,0.464,13,0.357,5,"December 28, 2018",40.0,10,7.1,2,93.8,85.7,24,0.644,45,0.556,25,0.422,19,0.737,14,7,200,112.5,28.6,6,14,72,,7.8,5,0.356,16,0.5,8,61.2,30,0.666,21.9,15,29,0.586,17,0.417,5,"Clune Arena , Colorado Springs, Colorado",CALIFORNIA-RIVERSIDE,UC-Riverside,63.9,Home,AIR-FORCE,Air Force
56.5,13,6.3,3,80.6,73.7,28,0.519,53,0.434,23,0.302,16,0.625,10,6,200,90.3,29.0,9,14,65,,12.5,9,0.491,26,0.346,9,53.6,37,0.536,24.0,19,27,0.519,14,0.538,7,"January 2, 2019",70.8,17,7.4,2,90.3,71.0,22,0.397,63,0.381,24,0.19,12,0.667,8,8,200,80.6,26.3,10,17,58,,13.9,10,0.238,15,0.133,2,46.4,32,0.422,17.0,14,48,0.458,22,0.385,5,"Clune Arena , Colorado Springs, Colorado",AIR-FORCE,Air Force,71.7,Away,NEW-MEXICO,New Mexico
63.6,14,7.7,2,119.7,57.1,12,0.482,56,0.393,22,0.179,10,0.8,8,9,200,93.9,12.5,4,16,62,,7.6,5,0.5,28,0.357,10,30.2,16,0.51,13.0,9,28,0.429,12,0.357,5,"January 5, 2019",86.2,25,17.9,5,93.9,87.5,28,0.663,52,0.558,29,0.231,12,0.833,10,4,200,119.7,42.9,9,15,79,,9.1,6,0.5,26,0.423,11,69.8,37,0.685,22.9,17,26,0.692,18,0.733,11,"Dee Glen Smith Spectrum, Logan, Utah",AIR-FORCE,Air Force,65.7,Home,UTAH-STATE,Utah State
25.9,7,0.0,0,133.8,65.4,17,0.558,52,0.519,27,0.154,8,0.75,6,10,200,98.5,27.3,6,11,64,,6.2,4,0.269,14,0.286,4,47.9,23,0.573,22.4,16,38,0.605,23,0.333,5,"January 8, 2019",71.4,25,5.3,2,98.5,72.7,16,0.629,62,0.565,35,0.161,10,0.9,9,10,200,133.8,34.6,9,13,87,,23.1,15,0.403,25,0.32,8,52.1,25,0.652,9.5,7,37,0.73,27,0.375,6,"Moby Arena, Fort Collins, Colorado",AIR-FORCE,Air Force,65.3,Home,COLORADO-STATE,Colorado State
36.8,7,0.0,0,100.0,69.4,25,0.4,50,0.38,19,0.26,13,0.615,8,7,200,77.4,18.8,6,15,48,,9.7,6,0.34,17,0.118,2,45.6,31,0.427,18.9,13,33,0.515,17,0.562,9,"January 12, 2019",52.2,12,6.1,2,77.4,81.3,26,0.466,59,0.39,23,0.169,10,0.7,7,10,200,100.0,30.6,11,17,62,,12.9,8,0.475,28,0.321,9,54.4,37,0.486,12.4,9,31,0.452,14,0.375,6,"Clune Arena , Colorado Springs, Colorado",SAN-DIEGO-STATE,San Diego State,62.5,Home,AIR-FORCE,Air Force
50.0,15,8.5,4,147.2,65.5,19,0.597,62,0.484,30,0.419,26,0.538,14,7,200,122.2,29.4,10,18,88,,5.6,4,0.452,28,0.5,14,46.0,29,0.592,9.8,8,34,0.471,16,0.562,9,"January 16, 2019",50.0,20,5.9,2,122.2,70.6,24,0.664,67,0.597,40,0.299,20,0.85,17,10,200,147.2,34.5,10,21,106,,2.8,2,0.299,20,0.45,9,54.0,34,0.693,7.3,6,47,0.66,31,0.412,7,"Clune Arena , Colorado Springs, Colorado",NEVADA-LAS-VEGAS,UNLV,72.4,Home,AIR-FORCE,Air Force
57.9,11,0.0,0,91.8,73.5,25,0.431,51,0.373,19,0.176,9,0.889,8,11,200,71.2,9.7,3,24,52,,6.8,5,0.431,22,0.273,6,43.1,28,0.47,27.6,21,29,0.448,13,0.389,7,"January 19, 2019",54.2,13,3.4,1,71.2,90.3,28,0.465,57,0.421,24,0.404,23,0.609,14,1,200,91.8,26.5,9,18,67,10,11.0,8,0.474,27,0.185,5,56.9,37,0.493,17.3,14,30,0.633,19,0.947,18,"Lawlor Events Center, Reno, Nevada",AIR-FORCE,Air Force,73.1,Home,NEVADA,Nevada
20.0,4,12.5,4,112.1,66.7,16,0.409,55,0.364,20,0.418,23,0.652,15,11,200,90.9,13.9,5,19,60,,10.6,7,0.455,25,0.2,5,35.0,21,0.455,8.4,6,30,0.5,15,0.421,8,"January 22, 2019",53.8,14,13.3,4,90.9,86.1,31,0.594,48,0.542,26,0.438,21,0.81,17,11,200,112.1,33.3,8,18,74,,1.5,1,0.333,16,0.313,5,65.0,39,0.638,21.8,16,32,0.656,21,0.421,8,"Clune Arena , Colorado Springs, Colorado",BOISE-STATE,Boise State,66.5,Home,AIR-FORCE,Air Force
62.1,18,2.4,1,81.6,81.8,36,0.406,85,0.341,29,0.165,14,0.286,4,11,250,83.9,22.4,13,21,73,,8.0,7,0.553,47,0.234,11,48.0,49,0.398,7.1,7,38,0.474,18,0.45,9,"January 26, 2019",81.5,22,0.0,0,83.9,77.6,45,0.463,67,0.403,27,0.299,20,0.45,9,16,250,81.6,18.2,8,15,71,,3.4,3,0.388,26,0.308,8,52.0,53,0.464,20.0,19,41,0.463,19,0.158,3,"San Jose State Event Center, San Jose, California",SAN-JOSE-STATE,San Jose State,69.3,Away,AIR-FORCE,Air Force
71.4,15,6.7,2,98.5,76.7,23,0.411,56,0.375,21,0.089,5,1.0,5,12,200,76.1,9.4,3,13,51,,13.4,9,0.304,17,0.235,4,41.9,26,0.437,14.7,10,39,0.436,17,0.429,9,"January 30, 2019",75.0,18,15.4,6,76.1,90.6,29,0.518,55,0.436,24,0.182,10,0.9,9,8,200,98.5,23.3,7,11,66,,9.0,6,0.455,25,0.36,9,58.1,36,0.552,20.2,15,30,0.5,15,0.6,12,"Viejas Arena, San Diego, California",AIR-FORCE,Air Force,66.6,Home,SAN-DIEGO-STATE,San Diego State
39.4,13,15.0,3,81.5,86.5,32,0.676,54,0.611,33,0.315,17,0.706,12,13,200,130.8,26.1,6,20,85,,12.3,8,0.333,18,0.389,7,63.3,38,0.685,14.0,10,36,0.722,26,0.409,9,"February 2, 2019",56.3,9,0.0,0,130.8,73.9,17,0.408,49,0.327,16,0.388,19,0.684,13,13,200,81.5,13.5,5,18,53,,6.2,4,0.592,29,0.276,8,36.7,22,0.457,16.1,11,20,0.4,8,0.409,9,"Clune Arena , Colorado Springs, Colorado",AIR-FORCE,Air Force,65.1,Away,COLORADO-STATE,Colorado State
53.8,14,2.2,1,112.5,80.0,24,0.598,56,0.464,26,0.196,11,0.818,9,17,200,105.6,0.0,0,17,76,,4.2,3,0.661,37,0.405,15,43.6,24,0.621,17.6,13,19,0.579,11,0.227,5,"February 6, 2019",46.9,15,5.3,1,105.6,100.0,25,0.567,60,0.533,32,0.35,21,0.619,13,13,200,112.5,20.0,6,11,81,,13.9,10,0.233,14,0.286,4,56.4,31,0.579,6.7,5,46,0.609,28,0.435,10,"Clune Arena , Colorado Springs, Colorado",WYOMING,Wyoming,71.6,Home,AIR-FORCE,Air Force
50.0,15,0.0,0,114.9,67.9,19,0.576,59,0.508,30,0.119,7,0.571,4,14,200,107.5,36.7,11,12,72,,7.5,5,0.305,18,0.444,8,51.7,30,0.578,19.5,15,41,0.537,22,0.417,10,"February 12, 2019",41.4,12,7.3,3,107.5,63.3,19,0.586,58,0.5,29,0.224,13,0.692,9,11,200,114.9,32.1,9,11,77,,14.9,10,0.483,28,0.357,10,48.3,28,0.6,15.8,12,30,0.633,19,0.542,13,"Thomas & Mack Center, Las Vegas, Nevada",AIR-FORCE,Air Force,66.8,Home,NEVADA-LAS-VEGAS,UNLV
53.8,14,12.5,4,91.2,85.7,24,0.563,56,0.464,26,0.286,16,0.813,13,6,200,111.8,32.3,10,23,76,,5.9,4,0.536,30,0.367,11,57.6,34,0.597,18.2,14,26,0.577,15,0.769,20,"February 16, 2019",28.6,6,7.7,2,111.8,67.7,21,0.49,50,0.42,21,0.38,19,0.684,13,15,200,91.2,14.3,4,18,62,,2.9,2,0.36,18,0.389,7,42.4,25,0.525,19.3,14,32,0.438,14,0.4,10,"Clune Arena , Colorado Springs, Colorado",AIR-FORCE,Air Force,68.3,Away,UTAH-STATE,Utah State
43.5,10,15.4,4,83.6,89.2,33,0.5,56,0.411,23,0.339,19,0.421,8,15,200,87.7,10.5,4,16,64,,9.6,7,0.554,31,0.323,10,49.3,37,0.492,15.7,12,25,0.52,13,0.423,11,"February 20, 2019",45.0,9,12.0,3,87.7,89.5,34,0.456,57,0.351,20,0.211,12,0.75,9,7,200,83.6,10.8,4,22,61,,12.3,9,0.544,31,0.387,12,50.7,38,0.486,19.4,15,26,0.308,8,0.731,19,"Save Mart Center, Fresno, California",FRESNO-STATE,Fresno State,73.4,Away,AIR-FORCE,Air Force
39.1,9,0.0,0,112.3,64.4,29,0.433,60,0.383,23,0.317,19,0.842,16,23,200,93.2,28.6,10,14,68,,4.1,3,0.35,21,0.286,6,48.8,39,0.493,17.0,14,39,0.436,17,0.115,3,"February 23, 2019",74.2,23,5.1,2,93.2,71.4,25,0.468,78,0.397,31,0.141,11,0.818,9,15,200,112.3,35.6,16,18,82,,6.8,5,0.423,33,0.333,11,51.3,41,0.493,5.7,5,45,0.444,20,0.444,12,"Clune Arena , Colorado Springs, Colorado",SAN-JOSE-STATE,San Jose State,72.6,Home,AIR-FORCE,Air Force
44.8,13,0.0,0,109.1,93.1,27,0.54,62,0.468,29,0.274,17,0.765,13,15,200,121.2,32.4,11,17,80,,4.5,3,0.29,18,0.5,9,60.3,38,0.571,6.7,5,44,0.455,20,0.464,13,"March 2, 2019",50.0,12,13.6,6,121.2,67.6,23,0.555,55,0.436,24,0.273,15,0.733,11,23,200,109.1,6.9,2,16,72,,3.0,2,0.655,36,0.361,13,39.7,25,0.579,11.5,8,19,0.579,11,0.207,6,"Arena-Auditorium, Laramie, Wyoming",WYOMING,Wyoming,66.1,Away,AIR-FORCE,Air Force
42.4,14,18.8,6,112.9,86.7,26,0.627,63,0.524,33,0.286,18,0.611,11,3,200,128.6,22.6,7,16,90,17,7.1,5,0.413,26,0.5,13,54.1,33,0.629,6.6,5,37,0.541,20,0.9,27,"March 5, 2019",51.7,15,10.8,4,128.6,77.4,24,0.614,57,0.509,29,0.263,15,0.6,9,16,200,112.9,13.3,4,15,79,,4.3,3,0.439,25,0.48,12,45.9,28,0.616,13.6,10,32,0.531,17,0.448,13,"Clune Arena , Colorado Springs, Colorado",AIR-FORCE,Air Force,69.8,Away,NEVADA,Nevada
44.4,8,3.6,1,127.0,69.2,18,0.429,49,0.367,18,0.224,11,0.909,10,17,200,82.5,8.0,2,10,52,,4.8,3,0.449,22,0.273,6,39.2,20,0.479,17.0,11,27,0.444,12,0.433,13,"March 9, 2019",60.0,18,0.0,0,82.5,92.0,23,0.61,59,0.508,30,0.186,11,0.727,8,19,200,127.0,30.8,8,13,80,,12.7,8,0.525,31,0.387,12,60.8,31,0.623,8.6,6,28,0.643,18,0.387,12,"Taco Bell Arena, Boise, Idaho",AIR-FORCE,Air Force,62.7,Home,BOISE-STATE,Boise State
55.6,10,6.3,2,122.5,73.5,25,0.442,52,0.346,18,0.308,16,0.625,10,27,200,78.9,6.1,2,22,56,,5.6,4,0.519,27,0.37,10,40.3,27,0.47,16.9,12,25,0.32,8,0.129,4,"March 13, 2019",83.3,25,4.0,1,78.9,93.9,31,0.573,62,0.484,30,0.387,24,0.667,16,17,200,122.5,26.5,9,19,87,,8.5,6,0.484,30,0.367,11,59.7,40,0.593,8.8,7,32,0.594,19,0.452,14,"Thomas & Mack Center, Las Vegas, Nevada",SAN-JOSE-STATE,San Jose State,70.5,Home,AIR-FORCE,Air Force
66.7,12,17.4,4,113.4,76.5,26,0.429,49,0.367,18,0.245,12,0.667,8,18,200,74.6,12.5,4,14,50,,4.5,3,0.551,27,0.222,6,45.5,30,0.457,23.8,17,22,0.545,12,0.438,14,"March 14, 2019",82.1,23,18.2,4,74.6,87.5,28,0.59,61,0.459,28,0.115,7,0.571,4,8,200,113.4,23.5,8,18,76,,19.4,13,0.623,38,0.421,16,54.5,36,0.591,12.3,9,23,0.522,12,0.742,23,"Thomas & Mack Center, Las Vegas, Nevada",AIR-FORCE,Air Force,66.5,Home,FRESNO-STATE,Fresno State
59.1,13,13.8,4,101.4,76.5,26,0.389,63,0.349,22,0.079,5,0.2,1,0,200,72.5,22.7,10,17,50,,8.7,6,0.397,25,0.2,5,46.2,36,0.382,16.6,13,38,0.447,17,0.0,0,"November 6, 2018",50.0,12,13.2,5,72.5,77.3,34,0.492,60,0.4,24,0.25,15,0.733,11,0,200,101.4,23.5,8,15,70,,8.7,6,0.517,31,0.355,11,53.8,42,0.521,14.2,11,29,0.448,13,1.0,1,"James A. Rhodes Arena, Akron, Ohio","Cedarville
			","Cedarville
			",69.3,Home,AKRON,Akron
33.3,12,3.2,1,97.2,68.6,24,0.617,64,0.563,36,0.406,26,0.731,19,0,200,138.0,30.0,9,18,98,,7.0,5,0.344,22,0.318,7,50.8,33,0.642,6.2,5,42,0.69,29,1.0,2,"November 10, 2018",50.0,13,4.8,2,138.0,70.0,21,0.533,60,0.433,26,0.167,10,0.5,5,2,200,97.2,31.4,11,27,69,,1.4,1,0.483,29,0.414,12,49.2,32,0.533,18.9,15,31,0.452,14,0.0,0,"Wolstein Center, Cleveland, Ohio",YOUNGSTOWN-STATE,Youngstown State,70.6,Away,AKRON,Akron
29.4,5,0.0,0,110.1,83.3,20,0.33,53,0.321,17,0.396,21,0.524,11,5,200,58.2,16.7,5,30,46,,7.6,6,0.189,10,0.1,1,46.3,25,0.365,24.3,20,43,0.372,16,0.0,0,"November 16, 2018",46.4,13,16.3,7,58.2,83.3,25,0.632,53,0.528,28,0.642,34,0.588,20,0,200,110.1,16.7,4,24,87,,12.7,10,0.547,29,0.379,11,53.7,29,0.629,17.1,14,24,0.708,17,1.0,3,"James A. Rhodes Arena, Akron, Ohio",CHICAGO-STATE,Chicago State,78.6,Home,AKRON,Akron
47.8,11,2.6,1,101.4,66.7,20,0.538,53,0.434,23,0.283,15,0.8,12,1,200,97.2,7.7,2,24,69,,8.5,6,0.547,29,0.379,11,39.3,22,0.574,20.1,15,24,0.5,12,0.75,3,"November 19, 2018",36.0,9,0.0,0,97.2,92.3,24,0.529,51,0.49,25,0.569,29,0.621,18,0,200,101.4,33.3,10,18,72,16,8.5,6,0.255,13,0.308,4,60.7,34,0.556,18.0,14,38,0.553,21,1.0,4,"John Gray Gymnasium, Grand Cayman",AKRON,Akron,71.0,Home,CLEMSON,Clemson
42.9,9,2.4,1,104.3,72.7,24,0.377,65,0.323,21,0.369,24,0.792,19,2,200,97.1,15.9,7,18,68,,8.6,6,0.631,41,0.171,7,40.3,31,0.445,5.0,4,24,0.583,14,0.6,3,"November 20, 2018",46.2,12,12.5,3,97.1,84.1,37,0.518,56,0.464,26,0.375,21,0.714,15,2,200,104.3,27.3,9,20,73,,1.4,1,0.268,15,0.4,6,59.7,46,0.553,12.1,9,41,0.488,20,0.6,3,"John Gray Gymnasium, Grand Cayman",AKRON,Akron,69.7,Home,ILLINOIS-STATE,Illinois State
72.2,13,7.3,3,81.7,63.6,21,0.469,49,0.367,18,0.429,21,0.714,15,2,200,101.7,29.0,9,12,61,,3.3,2,0.469,23,0.435,10,46.9,30,0.517,14.7,10,26,0.308,8,0.667,4,"November 21, 2018",30.0,6,3.8,1,101.7,71.0,22,0.404,52,0.385,20,0.308,16,0.438,7,5,200,81.7,36.4,12,19,49,,10.0,6,0.212,11,0.182,2,53.1,34,0.411,16.9,12,41,0.439,18,0.167,1,"John Gray Gymnasium, Grand Cayman",ST-BONAVENTURE,St. Bonaventure,59.8,Away,AKRON,Akron
61.1,11,0.0,0,124.6,47.6,10,0.391,55,0.327,18,0.273,15,0.733,11,4,200,78.3,28.6,10,16,54,,5.8,4,0.418,23,0.304,7,35.7,20,0.435,19.6,15,32,0.344,11,0.333,2,"November 28, 2018",58.8,20,18.8,6,78.3,71.4,25,0.667,60,0.567,34,0.217,13,0.462,6,2,200,124.6,52.4,11,17,86,,8.7,6,0.533,32,0.375,12,64.3,36,0.65,19.6,16,28,0.786,22,0.714,5,"James A. Rhodes Arena, Akron, Ohio",ALABAMA-STATE,Alabama State,69.2,Home,AKRON,Akron
20.0,4,9.4,3,101.4,75.0,24,0.371,66,0.303,20,0.212,14,0.714,10,5,200,84.3,25.6,11,22,59,,10.0,7,0.53,35,0.257,9,46.7,35,0.406,8.8,7,31,0.355,11,0.375,3,"December 1, 2018",75.0,18,19.4,6,84.3,74.4,32,0.5,56,0.429,24,0.393,22,0.682,15,2,200,101.4,25.0,8,16,71,,2.9,2,0.429,24,0.333,8,53.3,40,0.534,16.5,13,32,0.5,16,0.75,6,"James A. Rhodes Arena, Akron, Ohio",DETROIT-MERCY,Detroit,70.1,Home,AKRON,Akron
38.1,8,3.2,1,90.7,79.3,23,0.422,64,0.328,21,0.25,16,0.688,11,3,200,86.7,20.5,8,18,65,,6.7,5,0.578,37,0.324,12,45.6,31,0.454,13.4,11,27,0.333,9,0.667,6,"December 5, 2018",43.5,10,18.5,5,86.7,79.5,31,0.541,49,0.469,23,0.49,24,0.625,15,5,200,90.7,20.7,6,19,68,,8.0,6,0.367,18,0.389,7,54.4,37,0.563,25.1,20,31,0.516,16,0.545,6,"Allen County War Memorial Coliseum, Fort Wayne, Indiana",AKRON,Akron,74.5,Home,IPFW,Purdue-Fort Wayne
48.1,13,7.1,2,105.7,78.6,22,0.524,63,0.429,27,0.143,9,1.0,9,4,200,107.1,41.9,13,16,75,,11.4,8,0.413,26,0.462,12,59.3,35,0.557,19.3,16,37,0.405,15,0.636,7,"December 15, 2018",42.3,11,2.7,1,107.1,58.1,18,0.563,56,0.464,26,0.214,12,0.917,11,4,200,105.7,21.4,6,14,74,,4.3,3,0.5,28,0.393,11,40.7,24,0.6,19.7,15,28,0.536,15,0.6,6,"James A. Rhodes Arena, Akron, Ohio",AKRON,Akron,70.5,Away,MARSHALL,Marshall
47.4,9,20.0,5,110.8,76.7,23,0.413,52,0.365,19,0.462,24,0.708,17,7,200,81.1,23.5,8,22,60,,13.5,10,0.346,18,0.278,5,48.4,31,0.473,22.3,18,34,0.412,14,0.3,3,"December 18, 2018",61.5,16,2.9,1,81.1,76.5,26,0.602,54,0.481,26,0.481,26,0.654,17,4,200,110.8,23.3,7,18,82,,8.1,6,0.537,29,0.448,13,51.6,33,0.618,19.6,16,25,0.52,13,0.636,7,"James A. Rhodes Arena, Akron, Ohio",TENNESSEE-STATE,Tennessee State,74.4,Home,AKRON,Akron
56.5,13,7.7,2,103.0,74.1,20,0.438,64,0.359,23,0.125,8,0.75,6,5,200,93.9,38.5,15,23,62,,9.1,6,0.438,28,0.357,10,53.0,35,0.457,16.1,13,36,0.361,13,0.583,7,"December 22, 2018",71.4,15,16.7,6,93.9,61.5,24,0.5,50,0.42,21,0.48,24,0.75,18,0,200,103.0,25.9,7,13,68,6,9.1,6,0.48,24,0.333,8,47.0,31,0.554,16.5,12,26,0.5,13,1.0,12,"Lawlor Events Center, Reno, Nevada",AKRON,Akron,66.1,Home,NEVADA,Nevada
65.0,13,9.1,3,120.6,66.7,24,0.443,53,0.377,20,0.245,13,0.615,8,0,200,80.9,23.5,8,19,55,,4.4,3,0.434,23,0.304,7,45.7,32,0.465,22.5,17,30,0.433,13,0.0,0,"December 30, 2018",54.8,17,13.3,4,80.9,76.5,26,0.579,63,0.492,31,0.302,19,0.474,9,5,200,120.6,33.3,12,13,82,,7.4,5,0.476,30,0.367,11,54.3,38,0.569,8.9,7,33,0.606,20,0.615,8,"James A. Rhodes Arena, Akron, Ohio","Carnegie Mellon
			","Carnegie Mellon
			",67.6,Home,AKRON,Akron
36.8,7,10.0,3,78.9,65.9,29,0.339,62,0.306,19,0.145,9,0.667,6,8,200,67.6,24.3,9,20,48,,7.0,5,0.419,26,0.154,4,46.9,38,0.362,19.5,16,36,0.417,15,0.429,6,"January 5, 2019",52.9,9,16.7,6,67.6,75.7,28,0.328,61,0.279,17,0.377,23,0.696,16,5,200,78.9,34.1,15,14,56,,11.3,8,0.508,31,0.194,6,53.1,43,0.389,13.4,11,30,0.367,11,0.643,9,"James A. Rhodes Arena, Akron, Ohio",WESTERN-MICHIGAN,Western Michigan,70.6,Home,AKRON,Akron
36.4,12,6.5,3,115.8,71.4,25,0.507,75,0.44,33,0.173,13,0.769,10,6,225,113.2,35.3,12,17,86,,5.3,4,0.467,35,0.286,10,53.6,37,0.53,8.0,7,40,0.575,23,0.6,9,"January 8, 2019",44.1,15,5.0,2,113.2,64.7,22,0.566,68,0.5,34,0.221,15,0.733,11,2,225,115.8,28.6,10,14,88,,6.6,5,0.324,22,0.409,9,46.4,32,0.586,12.9,11,46,0.543,25,0.867,13,"McGuirk Arena, Mt. Pleasant, Michigan",AKRON,Akron,67.7,Home,CENTRAL-MICHIGAN,Central Michigan
64.7,11,0.0,0,115.9,79.2,19,0.41,50,0.34,17,0.36,18,0.833,15,7,200,88.9,12.9,4,16,56,,6.3,4,0.62,31,0.226,7,41.8,23,0.478,13.4,9,19,0.526,10,0.562,9,"January 12, 2019",40.0,12,5.3,1,88.9,87.1,27,0.632,53,0.566,30,0.17,9,0.667,6,6,200,115.9,20.8,5,17,73,,6.3,4,0.396,21,0.333,7,58.2,32,0.637,14.9,10,32,0.719,23,0.625,10,"Convocation Center, DeKalb, Illinois",AKRON,Akron,62.9,Home,NORTHERN-ILLINOIS,Northern Illinois
40.9,9,12.0,3,86.4,80.0,20,0.47,50,0.44,22,0.1,5,0.4,2,9,200,83.1,44.0,11,15,49,,13.6,8,0.3,15,0.2,3,62.0,31,0.468,23.5,16,35,0.543,19,0.471,8,"January 15, 2019",84.2,16,2.9,1,83.1,56.0,14,0.489,45,0.422,19,0.267,12,0.583,7,7,200,86.4,20.0,5,14,51,,16.9,10,0.444,20,0.3,6,38.0,19,0.503,21.8,14,25,0.52,13,0.588,10,"James A. Rhodes Arena, Akron, Ohio",EASTERN-MICHIGAN,Eastern Michigan,58.5,Home,AKRON,Akron
20.8,5,6.5,2,104.6,64.7,22,0.443,61,0.393,24,0.131,8,0.875,7,8,200,93.8,19.4,7,16,61,,9.2,6,0.426,26,0.231,6,41.4,29,0.471,11.0,8,35,0.514,18,0.556,10,"January 19, 2019",50.0,12,5.7,2,93.8,80.6,29,0.518,55,0.436,24,0.364,20,0.55,11,9,200,104.6,35.3,12,11,68,,7.7,5,0.436,24,0.375,9,58.6,41,0.527,15.8,12,31,0.484,15,0.5,9,"Millett Hall, Oxford, Ohio",AKRON,Akron,65.2,Home,MIAMI-OH,Miami (OH)
50.0,12,0.0,0,97.2,70.7,29,0.46,62,0.387,24,0.306,19,0.526,10,5,200,93.1,27.9,12,19,67,,4.2,3,0.355,22,0.409,9,48.8,41,0.472,11.3,9,40,0.375,15,0.737,14,"January 22, 2019",50.0,12,12.5,5,93.1,72.1,31,0.408,65,0.369,24,0.354,23,0.739,17,8,200,97.2,29.3,12,17,70,,6.9,5,0.415,27,0.185,5,51.2,43,0.461,14.8,13,38,0.5,19,0.579,11,"James A. Rhodes Arena, Akron, Ohio",CENTRAL-MICHIGAN,Central Michigan,72.5,Home,AKRON,Akron
28.6,6,4.8,1,95.7,78.1,25,0.5,50,0.42,21,0.4,20,0.75,15,9,200,92.9,20.7,6,19,65,,8.6,6,0.42,21,0.381,8,50.8,31,0.546,22.4,17,29,0.448,13,0.55,11,"January 26, 2019",70.0,14,6.9,2,92.9,79.3,23,0.482,56,0.357,20,0.286,16,0.813,13,8,200,95.7,21.9,7,19,67,,10.0,7,0.625,35,0.4,14,49.2,30,0.527,17.1,13,21,0.286,6,0.6,12,"James A. Rhodes Arena, Akron, Ohio",NORTHERN-ILLINOIS,Northern Illinois,70.1,Home,AKRON,Akron
44.0,11,15.6,5,82.8,69.4,25,0.475,60,0.417,25,0.183,11,0.727,8,8,200,101.6,42.4,14,21,65,,9.4,6,0.4,24,0.292,7,56.5,39,0.498,16.7,13,36,0.5,18,0.619,13,"February 2, 2019",60.0,12,13.9,5,101.6,57.6,19,0.425,53,0.377,20,0.302,16,0.5,8,10,200,82.8,30.6,11,12,53,,3.1,2,0.396,21,0.238,5,43.5,30,0.437,18.9,14,32,0.469,15,0.524,11,"Convocation Center, Athens, Ohio",OHIO,Ohio,63.9,Away,AKRON,Akron
16.7,3,2.8,1,90.0,83.3,30,0.305,64,0.281,18,0.25,16,0.813,13,9,200,74.3,18.2,8,17,52,,2.9,2,0.328,21,0.143,3,47.5,38,0.363,10.1,8,43,0.349,15,0.591,13,"February 5, 2019",58.3,14,7.0,3,74.3,81.8,36,0.45,60,0.4,24,0.2,12,0.75,9,4,200,90.0,16.7,6,16,63,,4.3,3,0.4,24,0.25,6,52.5,42,0.479,12.1,9,36,0.5,18,0.826,19,"John F. Savage Hall, Toledo, Ohio",AKRON,Akron,70.2,Home,TOLEDO,Toledo
25.0,5,16.7,5,105.9,84.6,22,0.361,61,0.328,20,0.246,15,0.6,9,6,200,77.9,34.2,13,15,53,,8.8,6,0.41,25,0.16,4,54.7,35,0.389,14.0,11,36,0.444,16,0.739,17,"February 8, 2019",46.2,12,5.6,2,77.9,65.8,25,0.574,54,0.481,26,0.296,16,0.625,10,9,200,105.9,15.4,4,11,72,,11.8,8,0.444,24,0.417,10,45.3,29,0.584,16.4,12,30,0.533,16,0.609,14,"James A. Rhodes Arena, Akron, Ohio",KENT-STATE,Kent State,67.9,Home,AKRON,Akron
25.0,6,2.6,1,94.6,77.1,27,0.529,52,0.462,24,0.5,26,0.808,21,3,200,102.7,33.3,9,15,76,25,9.5,7,0.462,24,0.292,7,58.1,36,0.591,22.1,18,28,0.607,17,0.875,21,"February 12, 2019",44.8,13,10.7,3,102.7,66.7,18,0.508,65,0.446,29,0.108,7,0.571,4,10,200,94.6,22.9,8,20,70,,12.2,9,0.415,27,0.296,8,41.9,26,0.512,17.1,14,38,0.553,21,0.583,14,"James A. Rhodes Arena, Akron, Ohio",AKRON,Akron,73.8,Away,BUFFALO,Buffalo
42.1,8,13.6,6,77.0,73.0,27,0.333,63,0.302,19,0.238,15,0.933,14,11,200,75.7,15.9,7,16,56,,9.5,7,0.397,25,0.16,4,42.0,34,0.399,13.6,11,38,0.395,15,0.56,14,"February 16, 2019",42.9,9,10.5,4,75.7,84.1,37,0.369,61,0.344,21,0.262,16,0.75,12,11,200,77.0,27.0,10,15,57,,9.5,7,0.279,17,0.176,3,58.0,47,0.415,18.1,15,44,0.409,18,0.56,14,"Worthen Arena, Muncie, Indiana",AKRON,Akron,73.9,Home,BALL-STATE,Ball State
50.0,13,7.3,3,96.1,76.9,30,0.443,70,0.371,26,0.143,10,0.7,7,12,200,90.8,20.5,9,17,69,,5.3,4,0.457,32,0.313,10,47.0,39,0.462,11.8,10,38,0.421,16,0.538,14,"February 19, 2019",37.0,10,5.3,2,90.8,79.5,35,0.47,66,0.409,27,0.242,16,0.688,11,7,200,96.1,23.1,9,15,73,,6.6,5,0.379,25,0.32,8,53.0,44,0.496,14.1,12,41,0.463,19,0.731,19,"Stroh Center, Bowling Green, Ohio",AKRON,Akron,76.2,Home,BOWLING-GREEN-STATE,Bowling Green State
40.0,8,15.4,4,101.4,86.7,26,0.361,61,0.328,20,0.361,22,0.636,14,13,200,84.1,34.1,15,22,58,,10.1,7,0.361,22,0.182,4,55.4,41,0.406,15.5,13,39,0.41,16,0.519,14,"February 23, 2019",66.7,16,10.3,4,84.1,65.9,29,0.578,51,0.471,24,0.353,18,0.611,11,12,200,101.4,13.3,4,19,70,,13.0,9,0.49,25,0.44,11,44.6,33,0.588,18.1,13,26,0.5,13,0.556,15,"James A. Rhodes Arena, Akron, Ohio",MIAMI-OH,Miami (OH),69.0,Home,AKRON,Akron
60.9,14,10.5,4,110.0,65.8,25,0.466,58,0.397,23,0.224,13,0.769,10,13,200,91.4,25.0,8,18,64,,4.3,3,0.431,25,0.32,8,47.1,33,0.499,19.1,15,33,0.455,15,0.536,15,"February 26, 2019",74.1,20,18.2,6,91.4,75.0,24,0.492,63,0.429,27,0.349,22,0.682,15,3,200,110.0,34.2,13,12,77,21,8.6,6,0.397,25,0.32,8,52.9,37,0.524,9.9,8,38,0.5,19,0.893,25,"Alumni Arena, Buffalo, New York",AKRON,Akron,69.8,Home,BUFFALO,Buffalo
73.1,19,13.9,5,73.1,70.7,29,0.535,57,0.456,26,0.246,14,0.857,12,15,200,109.0,28.6,8,17,73,,16.4,11,0.421,24,0.375,9,53.6,37,0.573,13.7,10,33,0.515,17,0.464,13,"March 2, 2019",47.1,8,3.0,1,109.0,71.4,20,0.328,58,0.293,17,0.328,19,0.579,11,14,200,73.1,29.3,12,9,49,,7.5,5,0.379,22,0.182,4,46.4,32,0.366,17.4,14,36,0.361,13,0.517,15,"James A. Rhodes Arena, Akron, Ohio",AKRON,Akron,67.3,Away,OHIO,Ohio
37.5,9,6.1,2,116.7,77.8,21,0.378,74,0.324,24,0.243,18,0.611,11,10,200,85.9,20.5,9,16,67,,6.4,5,0.392,29,0.276,8,42.3,30,0.406,8.9,8,45,0.356,16,0.667,20,"March 5, 2019",48.6,18,20.0,9,85.9,79.5,35,0.688,64,0.578,37,0.156,10,0.3,3,14,200,116.7,22.2,6,18,91,,7.7,6,0.484,31,0.452,14,57.7,41,0.662,13.9,11,33,0.697,23,0.533,16,"James A. Rhodes Arena, Akron, Ohio",BOWLING-GREEN-STATE,Bowling Green State,77.7,Home,AKRON,Akron
47.8,11,0.0,0,104.6,60.6,20,0.482,57,0.404,23,0.175,10,1.0,10,15,200,100.0,28.6,8,17,65,,6.2,4,0.526,30,0.3,9,45.9,28,0.526,14.0,10,27,0.519,14,0.516,16,"March 8, 2019",48.0,12,3.7,1,100.0,71.4,20,0.438,64,0.391,25,0.234,15,0.8,12,9,200,104.6,39.4,13,17,68,,10.8,7,0.344,22,0.273,6,54.1,33,0.478,10.2,8,42,0.452,19,0.71,22,"Memorial Athletic & Convocation Center, Kent, Ohio",AKRON,Akron,64.9,Home,KENT-STATE,Kent State
14.3,2,0.0,0,112.7,90.5,19,0.295,56,0.25,14,0.554,31,0.581,18,17,200,71.8,30.2,13,15,51,,12.7,9,0.5,28,0.179,5,50.0,32,0.361,18.7,16,28,0.321,9,0.469,15,"March 11, 2019",59.3,16,25.0,7,71.8,69.8,30,0.696,51,0.529,27,0.235,12,0.75,9,15,200,112.7,9.5,2,23,80,,12.7,9,0.627,32,0.531,17,50.0,32,0.705,18.8,13,19,0.526,10,0.531,17,"James A. Rhodes Arena, Akron, Ohio",MIAMI-OH,Miami (OH),70.7,Home,AKRON,Akron
28.6,4,7.3,3,109.3,69.2,27,0.271,59,0.237,14,0.305,18,0.778,14,16,200,61.3,10.4,5,20,46,,1.3,1,0.39,23,0.174,4,36.8,32,0.34,15.2,12,36,0.278,10,0.515,17,"March 14, 2019",36.7,11,13.9,5,61.3,89.6,43,0.5,68,0.441,30,0.353,24,0.583,14,3,200,109.3,30.8,12,18,82,18,8.0,6,0.397,27,0.296,8,63.2,55,0.516,9.2,8,41,0.537,22,0.906,29,"Quicken Loans Arena, Cleveland, Ohio",AKRON,Akron,75.0,Home,BUFFALO,Buffalo
81.8,18,0.0,0,111.1,60.9,14,0.51,52,0.423,22,0.269,14,0.714,10,1,200,87.5,28.6,8,24,63,,15.3,11,0.481,25,0.36,9,43.1,22,0.537,26.5,21,27,0.481,13,0.0,0,"November 6, 2018",66.7,20,14.8,4,87.5,71.4,20,0.651,53,0.566,30,0.34,18,0.611,11,0,200,111.1,39.1,9,15,80,,15.3,11,0.396,21,0.429,9,56.9,29,0.65,24.7,20,32,0.656,21,1.0,1,"Sun Dome, Tampa, Florida",ALABAMA-AM,Alabama A&M,72.1,Home,SOUTH-FLORIDA,South Florida
50.0,11,3.2,1,144.3,60.0,12,0.472,54,0.407,22,0.111,6,0.5,3,2,201,77.1,7.4,2,14,54,,7.1,5,0.389,21,0.333,7,29.8,14,0.475,20.9,15,33,0.455,15,0.0,0,"November 10, 2018",62.2,23,15.2,5,77.1,92.6,25,0.73,61,0.607,37,0.246,15,0.8,12,0,201,144.3,40.0,8,11,101,,11.4,8,0.492,30,0.5,15,70.2,33,0.741,14.0,11,31,0.71,22,1.0,1,"Health & Physical Education Arena, Houston, Texas",ALABAMA-AM,Alabama A&M,70.1,Home,HOUSTON,Houston
43.5,10,10.5,2,105.8,81.0,17,0.398,64,0.359,23,0.203,13,0.615,8,3,200,85.5,25.0,10,16,59,,13.0,9,0.391,25,0.2,5,44.3,27,0.42,12.5,10,39,0.462,18,0.0,0,"November 12, 2018",44.0,11,15.4,6,85.5,75.0,30,0.682,44,0.568,25,0.5,22,0.591,13,1,200,105.8,19.0,4,14,73,,8.7,6,0.568,25,0.4,10,55.7,34,0.67,24.1,17,19,0.789,15,0.667,2,"Tudor Fieldhouse, Houston, Texas",ALABAMA-AM,Alabama A&M,68.8,Home,RICE,Rice
60.9,14,4.5,2,124.7,76.5,26,0.402,66,0.348,23,0.182,12,0.583,7,4,200,82.2,17.8,8,21,60,,2.7,2,0.242,16,0.438,7,43.0,34,0.418,11.2,9,50,0.32,16,0.0,0,"November 17, 2018",54.5,18,6.0,3,82.2,82.2,37,0.561,66,0.5,33,0.348,23,0.739,17,1,200,124.7,23.5,8,15,91,,5.5,4,0.333,22,0.364,8,57.0,45,0.591,5.0,4,44,0.568,25,0.8,4,"Marriott Center, Provo, Utah",ALABAMA-AM,Alabama A&M,72.8,Home,BRIGHAM-YOUNG,BYU
69.2,18,9.8,4,92.1,76.3,29,0.483,58,0.448,26,0.259,15,0.667,10,5,225,86.8,35.3,12,20,66,,6.6,5,0.276,16,0.25,4,56.9,41,0.507,25.4,22,42,0.524,22,0.0,0,"November 23, 2018",30.8,8,9.5,4,86.8,64.7,22,0.431,65,0.4,26,0.338,22,0.636,14,4,225,92.1,23.7,9,14,70,,13.2,10,0.369,24,0.167,4,43.1,31,0.464,12.8,11,41,0.537,22,0.333,2,"Prather Coliseum, Natchitoches, Louisiana",ALABAMA-AM,Alabama A&M,67.8,Home,NORTHWESTERN-STATE,Northwestern State
64.3,9,2.8,1,118.5,53.8,14,0.283,53,0.264,14,0.377,20,0.8,16,6,200,70.8,21.1,8,9,46,,6.2,4,0.302,16,0.125,2,34.4,22,0.368,15.1,11,37,0.324,12,0.0,0,"November 25, 2018",35.5,11,16.2,6,70.8,78.9,30,0.608,60,0.517,31,0.15,9,0.444,4,1,200,118.5,46.2,12,16,77,,12.3,8,0.4,24,0.458,11,65.6,42,0.599,16.9,13,36,0.556,20,0.833,5,"Rose Hill Gym, Bronx, New York",ALABAMA-AM,Alabama A&M,65.4,Home,FORDHAM,Fordham
37.9,11,5.6,2,83.8,79.4,27,0.554,56,0.518,29,0.232,13,0.385,5,2,200,98.5,32.0,8,12,67,,8.8,6,0.321,18,0.222,4,59.3,35,0.539,16.3,12,38,0.658,25,0.714,5,"November 29, 2018",66.7,14,7.9,3,98.5,68.0,17,0.43,57,0.368,21,0.281,16,0.5,8,7,200,83.8,20.6,7,12,57,,11.8,8,0.368,21,0.333,7,40.7,24,0.441,16.9,13,36,0.389,14,0.0,0,"Von Braun Center, Hunstville, Alabama",ALABAMA-AM,Alabama A&M,68.4,Away,ALABAMA-BIRMINGHAM,Alabama-Birmingham
42.9,9,5.6,2,81.3,74.2,23,0.523,44,0.477,21,0.977,43,0.628,27,4,200,97.3,34.5,10,20,73,,18.7,14,0.341,15,0.267,4,55.0,33,0.567,22.2,18,29,0.586,17,0.5,4,"December 1, 2018",40.9,9,0.0,0,97.3,65.5,19,0.48,49,0.449,22,0.51,25,0.56,14,8,200,81.3,25.8,8,31,61,,9.3,7,0.265,13,0.231,3,45.0,27,0.501,29.4,25,36,0.528,19,0.0,0,"Elmore Health Science Building , Normal, Alabama",ALABAMA-AM,Alabama A&M,75.2,Away,AUSTIN-PEAY,Austin Peay
42.3,11,4.3,2,77.6,73.5,25,0.569,51,0.51,26,0.529,27,0.704,19,2,200,101.3,37.5,9,17,77,,10.5,8,0.314,16,0.375,6,58.6,34,0.603,24.1,20,35,0.571,20,0.8,8,"December 9, 2018",52.2,12,0.0,0,101.3,62.5,15,0.383,64,0.359,23,0.266,17,0.588,10,9,200,77.6,26.5,9,21,59,,13.2,10,0.281,18,0.167,3,41.4,24,0.409,16.4,14,46,0.435,20,0.0,0,"Elmore Health Science Building , Normal, Alabama",ALABAMA-AM,Alabama A&M,76.0,Away,SAMFORD,Samford
54.2,13,3.8,1,108.2,72.0,18,0.547,53,0.453,24,0.321,17,0.529,9,10,200,91.8,16.1,5,17,67,,9.6,7,0.34,18,0.556,10,41.1,23,0.549,22.9,18,35,0.4,14,0.0,0,"December 19, 2018",83.3,25,14.3,5,91.8,83.9,26,0.679,53,0.566,30,0.34,18,0.389,7,5,200,108.2,28.0,7,15,79,,13.7,10,0.509,27,0.444,12,58.9,33,0.642,21.8,17,26,0.692,18,0.545,6,"Mitchell Center, Mobile, Alabama",ALABAMA-AM,Alabama A&M,72.8,Home,SOUTH-ALABAMA,South Alabama
67.9,19,11.4,5,75.0,68.2,30,0.613,53,0.528,28,0.321,17,0.882,15,10,200,105.3,22.7,5,16,80,,9.2,7,0.472,25,0.36,9,53.0,35,0.655,23.9,19,28,0.679,19,0.091,1,"December 21, 2018",42.9,9,7.1,2,105.3,77.3,17,0.356,66,0.318,21,0.288,19,0.526,10,11,200,75.0,31.8,14,16,57,,19.7,15,0.333,22,0.227,5,47.0,31,0.38,16.8,15,44,0.364,16,0.0,0,"Boardwalk Hall, Atlantic City, New Jersey",ALABAMA-AM,Alabama A&M,75.6,Away,LA-SALLE,La Salle
59.1,13,5.3,2,95.7,73.0,27,0.425,60,0.367,22,0.25,15,0.533,8,8,200,84.3,28.9,11,13,59,,4.3,3,0.483,29,0.241,7,50.7,38,0.439,17.4,14,31,0.484,15,0.333,4,"December 22, 2018",48.1,13,6.5,2,84.3,71.1,27,0.492,63,0.429,27,0.175,11,0.455,5,11,200,95.7,27.0,10,15,67,,14.3,10,0.397,25,0.32,8,49.3,37,0.491,15.0,12,38,0.5,19,0.083,1,"Boardwalk Hall, Atlantic City, New Jersey",TULANE,Tulane,70.2,Home,ALABAMA-AM,Alabama A&M
45.8,11,7.7,2,101.4,68.8,22,0.5,58,0.414,24,0.121,7,0.714,5,12,200,90.0,7.7,2,18,63,,17.1,12,0.448,26,0.385,10,41.4,24,0.514,17.5,13,32,0.438,14,0.077,1,"December 29, 2018",79.2,19,12.5,4,90.0,92.3,24,0.546,54,0.444,24,0.333,18,0.667,12,5,200,101.4,31.3,10,12,71,,7.1,5,0.519,28,0.393,11,58.6,34,0.568,20.5,16,26,0.5,13,0.643,9,"Stan Sheriff Center, Honolulu, Hawaii",ALABAMA-AM,Alabama A&M,70.4,Home,HAWAII,Hawaii
79.2,19,3.6,1,137.0,64.0,16,0.546,54,0.444,24,0.204,11,0.455,5,13,200,87.7,32.3,10,19,64,,11.0,8,0.426,23,0.478,11,46.4,26,0.54,29.0,24,31,0.419,13,0.071,1,"December 31, 2018",70.6,24,12.9,4,87.7,67.7,21,0.728,57,0.596,34,0.386,22,0.773,17,7,200,137.0,36.0,9,10,100,,15.1,11,0.509,29,0.517,15,53.6,30,0.741,18.4,15,28,0.679,19,0.5,7,"Firestone Fieldhouse, Malibu, California",ALABAMA-AM,Alabama A&M,73.3,Home,PEPPERDINE,Pepperdine
4.5,1,10.7,6,79.7,66.7,30,0.387,62,0.355,22,0.242,15,0.4,6,10,225,84.4,47.2,17,16,54,,4.7,3,0.306,19,0.211,4,58.0,47,0.391,11.6,9,43,0.419,18,0.286,4,"January 5, 2019",23.8,5,2.3,1,84.4,52.8,19,0.319,69,0.304,21,0.203,14,0.5,7,14,225,79.7,33.3,15,18,51,,20.3,13,0.188,13,0.154,2,42.0,34,0.337,7.4,6,56,0.339,19,0.067,1,"Elmore Health Science Building , Normal, Alabama",ALABAMA-AM,Alabama A&M,56.8,Away,JACKSON-STATE,Jackson State
50.0,8,12.5,4,87.8,85.7,24,0.352,54,0.296,16,0.63,34,0.647,22,9,225,81.1,26.7,12,23,60,,6.8,5,0.444,24,0.25,6,49.3,36,0.428,16.9,14,30,0.333,10,0.4,6,"January 7, 2019",66.7,14,6.7,2,81.1,73.3,33,0.5,48,0.438,21,0.583,28,0.607,17,14,225,87.8,14.3,4,24,65,,6.8,5,0.333,16,0.375,6,50.7,37,0.53,23.0,18,32,0.469,15,0.125,2,"Elmore Health Science Building , Normal, Alabama",GRAMBLING,Grambling,65.5,Home,ALABAMA-AM,Alabama A&M
12.5,3,3.3,1,107.5,66.7,20,0.422,64,0.375,24,0.188,12,0.75,9,15,200,94.0,44.1,15,15,63,,4.5,3,0.297,19,0.316,6,54.7,35,0.452,16.8,14,45,0.4,18,0.118,2,"January 12, 2019",51.9,14,6.7,3,94.0,55.9,19,0.598,56,0.482,27,0.232,13,0.385,5,13,200,107.5,33.3,10,15,72,,10.4,7,0.464,26,0.5,13,45.3,29,0.579,17.4,13,30,0.467,14,0.188,3,"Harrison HPER Complex, Itta Bena, Mississippi",ALABAMA-AM,Alabama A&M,66.9,Home,MISSISSIPPI-VALLEY-STATE,Mississippi Valley State
60.0,12,13.0,3,78.1,78.8,26,0.392,51,0.392,20,0.314,16,0.563,9,16,200,76.6,25.0,8,18,49,,10.9,7,0.176,9,0.0,0,52.3,34,0.418,18.3,13,42,0.476,20,0.111,2,"January 14, 2019",94.1,16,14.3,6,76.6,75.0,24,0.417,48,0.354,17,0.458,22,0.455,10,10,200,78.1,21.2,7,17,50,,15.6,10,0.521,25,0.24,6,47.7,31,0.428,17.2,12,23,0.478,11,0.375,6,"H.O. Clemmons Arena, Pine Bluff, Arkansas",ALABAMA-AM,Alabama A&M,63.5,Home,ARKANSAS-PINE-BLUFF,Arkansas-Pine Bluff
37.9,11,15.2,5,80.6,75.9,22,0.517,60,0.483,29,0.25,15,0.667,10,10,200,107.5,41.9,13,12,72,,17.9,12,0.35,21,0.19,4,58.3,35,0.536,16.3,13,39,0.641,25,0.375,6,"January 19, 2019",36.4,8,0.0,0,107.5,58.1,18,0.5,50,0.44,22,0.18,9,0.444,4,17,200,80.6,24.1,7,16,54,,10.4,7,0.34,17,0.353,6,41.7,25,0.497,27.0,20,33,0.485,16,0.105,2,"Bill Harris Arena, Birmingham, Alabama",ALABAMA-AM,Alabama A&M,67.2,Away,ALABAMA-STATE,Alabama State
47.6,10,10.8,4,93.2,70.8,17,0.5,46,0.457,21,0.674,31,0.516,16,17,200,84.9,28.6,8,17,62,,16.4,12,0.326,15,0.267,4,48.1,25,0.51,24.2,19,31,0.548,17,0.15,3,"January 26, 2019",52.0,13,6.5,2,84.9,71.4,20,0.539,51,0.49,25,0.333,17,0.765,13,17,200,93.2,29.2,7,19,68,,12.3,9,0.275,14,0.357,5,51.9,27,0.576,28.2,23,37,0.541,20,0.15,3,"Elmore Health Science Building , Normal, Alabama",SOUTHERN,Southern,73.4,Home,ALABAMA-AM,Alabama A&M
50.0,12,2.6,1,101.4,75.8,25,0.482,56,0.429,24,0.214,12,0.667,8,14,200,88.6,22.6,7,19,62,,10.0,7,0.429,24,0.25,6,50.0,32,0.502,19.7,15,32,0.563,18,0.3,6,"January 28, 2019",70.4,19,0.0,0,88.6,77.4,24,0.484,61,0.443,27,0.311,19,0.632,12,17,200,101.4,24.2,8,14,71,,11.4,8,0.361,22,0.227,5,50.0,32,0.507,11.5,9,39,0.564,22,0.19,4,"Elmore Health Science Building , Normal, Alabama",ALCORN-STATE,Alcorn State,70.4,Home,ALABAMA-AM,Alabama A&M
66.7,16,0.0,0,130.6,57.7,15,0.558,52,0.462,24,0.192,10,0.7,7,18,200,104.8,40.0,12,20,65,,8.1,5,0.423,22,0.455,10,48.2,27,0.573,21.0,15,30,0.467,14,0.182,4,"February 2, 2019",73.3,22,0.0,0,104.8,60.0,18,0.611,54,0.556,30,0.426,23,0.652,15,11,200,130.6,42.3,11,13,81,,12.9,8,0.204,11,0.545,6,51.8,29,0.624,14.6,11,43,0.558,24,0.476,10,"William J. Nicks Building, Prairie View, Texas",ALABAMA-AM,Alabama A&M,62.3,Home,PRAIRIE-VIEW,Prairie View
34.5,10,8.8,3,115.1,60.6,20,0.553,57,0.509,29,0.228,13,0.846,11,19,200,101.4,17.9,5,24,74,,11.0,8,0.228,13,0.385,5,41.0,25,0.586,18.2,14,44,0.545,24,0.174,4,"February 4, 2019",50.0,14,6.8,3,101.4,82.1,23,0.534,59,0.475,28,0.525,31,0.677,21,11,200,115.1,39.4,13,12,84,,8.2,6,0.424,25,0.28,7,59.0,36,0.57,15.2,13,34,0.618,21,0.5,11,"Health & Physical Education Arena, Houston, Texas",ALABAMA-AM,Alabama A&M,73.0,Home,TEXAS-SOUTHERN,Texas Southern
76.2,16,2.6,1,105.4,86.7,26,0.417,60,0.35,21,0.317,19,0.684,13,21,200,85.1,18.2,6,17,63,,5.4,4,0.3,18,0.444,8,50.8,32,0.456,12.8,10,42,0.31,13,0.125,3,"February 9, 2019",39.3,11,2.4,1,85.1,81.8,27,0.569,58,0.483,28,0.293,17,0.706,12,19,200,105.4,13.3,4,19,78,,5.4,4,0.328,19,0.526,10,49.2,31,0.59,15.5,12,39,0.462,18,0.208,5,"Elmore Health Science Building , Normal, Alabama",MISSISSIPPI-VALLEY-STATE,Mississippi Valley State,73.6,Home,ALABAMA-AM,Alabama A&M
52.4,11,15.6,5,93.8,76.9,20,0.549,41,0.512,21,0.732,30,0.8,24,15,200,107.8,20.8,5,18,69,,12.5,8,0.22,9,0.333,3,50.0,25,0.624,20.5,14,32,0.563,18,0.375,9,"February 11, 2019",38.1,8,0.0,0,107.8,79.2,19,0.511,47,0.447,21,0.447,21,0.571,12,20,200,93.8,23.1,6,24,60,,10.9,7,0.319,15,0.4,6,50.0,25,0.527,18.8,13,32,0.469,15,0.2,5,"Elmore Health Science Building , Normal, Alabama",ALABAMA-AM,Alabama A&M,64.1,Away,ARKANSAS-PINE-BLUFF,Arkansas-Pine Bluff
48.0,12,12.9,4,103.0,75.8,25,0.491,58,0.431,25,0.155,9,0.556,5,21,200,93.9,22.6,7,20,62,,9.1,6,0.31,18,0.389,7,50.0,32,0.498,15.1,11,40,0.45,18,0.192,5,"February 16, 2019",65.0,13,10.0,4,93.9,77.4,24,0.5,51,0.392,20,0.471,24,0.708,17,13,200,103.0,24.2,8,11,68,,13.6,9,0.392,20,0.55,11,50.0,32,0.545,15.2,11,31,0.29,9,0.435,10,"Dunn-Oliver Acadome, Montgomery, Alabama",ALABAMA-AM,Alabama A&M,65.8,Home,ALABAMA-STATE,Alabama State
42.1,8,12.1,4,98.3,65.4,17,0.459,49,0.388,19,0.122,6,0.667,4,22,200,81.7,26.9,7,11,49,,5.0,3,0.408,20,0.35,7,46.2,24,0.473,24.8,17,29,0.414,12,0.185,5,"February 23, 2019",52.2,12,3.4,1,81.7,73.1,19,0.491,53,0.434,23,0.189,10,0.7,7,22,200,98.3,34.6,9,9,59,,11.7,7,0.377,20,0.3,6,53.8,28,0.511,14.8,10,33,0.515,17,0.185,5,"F. G. Clark Activity Center, Baton Rouge, Louisiana",ALABAMA-AM,Alabama A&M,60.3,Home,SOUTHERN,Southern
42.9,9,8.6,3,100.0,51.4,18,0.44,50,0.42,21,0.3,15,0.733,11,23,200,90.2,25.0,7,18,55,,18.0,11,0.26,13,0.154,2,39.7,25,0.481,16.3,11,37,0.514,19,0.179,5,"February 25, 2019",47.6,10,8.1,3,90.2,75.0,21,0.49,49,0.429,21,0.49,24,0.542,13,17,200,100.0,48.6,17,13,61,,13.1,8,0.286,14,0.429,6,60.3,38,0.505,22.2,17,35,0.429,15,0.37,10,"Davey L. Whitney Complex, Alcorn State, Mississippi",ALABAMA-AM,Alabama A&M,60.8,Home,ALCORN-STATE,Alcorn State
56.0,14,2.5,1,94.2,60.9,14,0.528,53,0.472,25,0.396,21,0.762,16,12,200,104.3,26.9,7,15,72,,11.6,8,0.415,22,0.273,6,42.9,21,0.572,16.2,12,31,0.613,19,0.571,16,"March 2, 2019",53.8,14,6.5,2,104.3,73.1,19,0.519,53,0.491,26,0.283,15,0.667,10,24,200,94.2,39.1,9,22,65,,7.2,5,0.245,13,0.231,3,57.1,28,0.541,23.2,18,40,0.575,23,0.172,5,"Elmore Health Science Building , Normal, Alabama",ALABAMA-AM,Alabama A&M,68.6,Away,PRAIRIE-VIEW,Prairie View
36.4,8,6.5,3,75.3,74.3,26,0.43,57,0.386,22,0.491,28,0.607,17,11,200,81.5,22.5,9,14,66,,18.5,15,0.333,19,0.263,5,46.7,35,0.469,22.4,20,38,0.447,17,0.621,18,"March 4, 2019",57.7,15,5.3,2,81.5,77.5,31,0.458,60,0.433,26,0.167,10,0.6,6,25,200,75.3,25.7,9,20,61,,11.1,9,0.233,14,0.214,3,53.3,40,0.471,28.0,25,46,0.5,23,0.167,5,"Elmore Health Science Building , Normal, Alabama",ALABAMA-AM,Alabama A&M,81.0,Away,TEXAS-SOUTHERN,Texas Southern
88.9,16,0.0,0,120.0,75.0,15,0.392,51,0.353,18,0.196,10,0.7,7,26,200,85.5,24.1,7,16,47,,9.1,5,0.314,16,0.25,4,44.9,22,0.422,12.6,8,35,0.4,14,0.161,5,"March 7, 2019",58.3,14,2.9,1,85.5,75.9,22,0.65,40,0.6,24,0.525,21,0.667,14,18,200,120.0,25.0,5,13,66,,9.1,5,0.2,8,0.5,4,55.1,27,0.66,15.5,9,32,0.625,20,0.4,12,"Lee E. Williams Athletics and Assembly Center, Jackson, Mississippi",ALABAMA-AM,Alabama A&M,55.4,Home,JACKSON-STATE,Jackson State
47.8,11,0.0,0,104.8,59.4,19,0.373,67,0.343,23,0.134,9,0.889,8,27,200,92.1,35.9,14,16,58,,9.5,6,0.254,17,0.235,4,46.5,33,0.407,10.1,8,50,0.38,19,0.156,5,"March 9, 2019",25.0,6,8.0,4,92.1,64.1,25,0.491,54,0.444,24,0.315,17,0.765,13,15,200,104.8,40.6,13,9,66,,1.6,1,0.222,12,0.417,5,53.5,38,0.532,16.3,12,42,0.452,19,0.516,16,"Assembly Center, Grambling, Louisiana",ALABAMA-AM,Alabama A&M,63.2,Home,GRAMBLING,Grambling
